2025-04-03T19:07:14.128Z,0x60e8ad130cf8da4a8e34d50db92ca42a2ee85dc5501479e4ba731432d8a4c699,0x6D69099515560c642CD98a483c195976323a5b6a,bbn1uax6wtg8ue068l2hqhesecfhufn74xcz83fxtn,USDC,0.000001,Sepolia,Babylon Testnet,SUCCESS,8043931,210339,6
2025-04-03T19:08:15.168Z,0x4d46191b6347053053c193ca098c9fe4106d585239e2797b0d17f63575a302d1,0x6D69099515560c642CD98a483c195976323a5b6a,bbn1uax6wtg8ue068l2hqhesecfhufn74xcz83fxtn,USDC,0.000001,Sepolia,Babylon Testnet,SUCCESS,8043935,210327,1
2025-04-03T19:09:02.186Z,0x0cc7aad7c081644f4ce68fa0a060eb5d0ca4a18fc05bc220b2756684f859aa9c,0x6D69099515560c642CD98a483c195976323a5b6a,bbn1uax6wtg8ue068l2hqhesecfhufn74xcz83fxtn,USDC,0.000001,Sepolia,Babylon Testnet,SUCCESS,8043939,210339,1
2025-04-03T19:09:26.371Z,0x118c55a7c903ced76d396f637fbf371bfdbad5f7ab5362e1a06e83d873e3f093,0x6D69099515560c642CD98a483c195976323a5b6a,bbn1uax6wtg8ue068l2hqhesecfhufn74xcz83fxtn,USDC,0.000001,Sepolia,Babylon Testnet,SUCCESS,8043941,210339,1
2025-04-03T19:09:53.497Z,0x1328de9890392b8a1c53b344cf69d8108f06957ac430c6b2abe32334b0862658,0x6D69099515560c642CD98a483c195976323a5b6a,bbn1uax6wtg8ue068l2hqhesecfhufn74xcz83fxtn,USDC,0.000001,Sepolia,Babylon Testnet,SUCCESS,8043943,210339,1
2025-04-03T19:10:26.831Z,0x40b0d16f743f98113d6a6dc6ba30f68bf965d9c1513f717b5c23fdf0c08fee4d,0x6D69099515560c642CD98a483c195976323a5b6a,bbn1uax6wtg8ue068l2hqhesecfhufn74xcz83fxtn,USDC,0.000001,Sepolia,Babylon Testnet,SUCCESS,8043946,210327,1
2025-04-03T19:11:18.567Z,0xdf8c0d759fca7fabaed2b0b1943c603813fc2df4adc8f7ac383c1a0af7bf8242,0x6D69099515560c642CD98a483c195976323a5b6a,bbn1uax6wtg8ue068l2hqhesecfhufn74xcz83fxtn,USDC,0.000001,Sepolia,Babylon Testnet,SUCCESS,8043949,210339,2
2025-04-03T19:12:01.635Z,0xd205cfe964226a5f34b24fc1a0c6ea08824861618fb9c5ff8f476c92c314d64b,0x6D69099515560c642CD98a483c195976323a5b6a,bbn1uax6wtg8ue068l2hqhesecfhufn74xcz83fxtn,USDC,0.000001,Sepolia,Babylon Testnet,SUCCESS,8043952,210339,2
2025-04-03T19:12:42.800Z,0xbf1fc66d281c28cdc1d7f4a16117ed521280408de0551d73094cd69e91ddd299,0x6D69099515560c642CD98a483c195976323a5b6a,bbn1uax6wtg8ue068l2hqhesecfhufn74xcz83fxtn,USDC,0.000001,Sepolia,Babylon Testnet,SUCCESS,8043956,210339,2
2025-04-03T19:13:14.302Z,0x65f7ef12a2e60105db1d28e563c7d58d61ff86f6d8349711ebc37581a837b12d,0x6D69099515560c642CD98a483c195976323a5b6a,bbn1uax6wtg8ue068l2hqhesecfhufn74xcz83fxtn,USDC,0.000001,Sepolia,Babylon Testnet,SUCCESS,8043959,210339,2
2025-04-03T19:13:50.419Z,0x9057af2b0b70b71b59eef05c23b8b6389d0446cb266d8b0ecf3386a8cfd57d81,0x6D69099515560c642CD98a483c195976323a5b6a,bbn1uax6wtg8ue068l2hqhesecfhufn74xcz83fxtn,USDC,0.000001,Sepolia,Babylon Testnet,SUCCESS,8043962,210339,2
2025-04-03T19:14:27.831Z,0x91dc4011e2be7ac950bdf2a4e7845afafa3ae4139b98354a0e240b78fcea0cd5,0x6D69099515560c642CD98a483c195976323a5b6a,bbn1uax6wtg8ue068l2hqhesecfhufn74xcz83fxtn,USDC,0.000001,Sepolia,Babylon Testnet,SUCCESS,8043965,210339,3
2025-04-03T19:15:04.826Z,0x8ae53445a5e767909f4263671d4e1edc65bd95c982e0993e09098fb8a7a7adc7,0x6D69099515560c642CD98a483c195976323a5b6a,bbn1uax6wtg8ue068l2hqhesecfhufn74xcz83fxtn,USDC,0.000001,Sepolia,Babylon Testnet,SUCCESS,8043968,210339,3
2025-04-03T19:15:40.258Z,0xf61599e2938183d77540c3aa4a75a74e4bb010b4a0e809cc70bebd37010caa16,0x6D69099515560c642CD98a483c195976323a5b6a,bbn1uax6wtg8ue068l2hqhesecfhufn74xcz83fxtn,USDC,0.000001,Sepolia,Babylon Testnet,SUCCESS,8043971,210339,3
2025-04-03T19:16:18.697Z,0xed8cac86800fbdf71b2e5bd62200b416638a15c2685bf476cb2cf8ba5e1bc8dc,0x6D69099515560c642CD98a483c195976323a5b6a,bbn1uax6wtg8ue068l2hqhesecfhufn74xcz83fxtn,USDC,0.000001,Sepolia,Babylon Testnet,SUCCESS,8043974,210339,3
2025-04-03T19:16:51.991Z,0x5e74bd69020a1071a0d6a57aed4161bce82458c75bd728ac1b418c422dc1d65c,0x6D69099515560c642CD98a483c195976323a5b6a,bbn1uax6wtg8ue068l2hqhesecfhufn74xcz83fxtn,USDC,0.000001,Sepolia,Babylon Testnet,SUCCESS,8043977,210339,3
2025-04-03T19:17:26.568Z,0xb8551dfafce163e640852fd024acbda7ceb0fab0c4774bbfa3966d185e93ce8e,0x6D69099515560c642CD98a483c195976323a5b6a,bbn1uax6wtg8ue068l2hqhesecfhufn74xcz83fxtn,USDC,0.000001,Sepolia,Babylon Testnet,SUCCESS,8043980,210339,4
2025-04-03T19:18:04.583Z,0x6b04d2fb7dd11ebf11138c68ab304ae33ed2757eec1aee0975f1ccffcbb370f6,0x6D69099515560c642CD98a483c195976323a5b6a,bbn1uax6wtg8ue068l2hqhesecfhufn74xcz83fxtn,USDC,0.000001,Sepolia,Babylon Testnet,SUCCESS,8043983,210339,4
2025-04-03T19:18:38.183Z,0x961a13d0937373ee08e7499840661e61a78237c53c892c8ed41fd056a8a459b0,0x6D69099515560c642CD98a483c195976323a5b6a,bbn1uax6wtg8ue068l2hqhesecfhufn74xcz83fxtn,USDC,0.000001,Sepolia,Babylon Testnet,SUCCESS,8043986,210327,4
2025-04-03T19:19:28.682Z,0x2fa1cb8c2c4c9cd1067f7e6294a4167fb1b35bd161f562e7e5cdd41df1c9fee3,0x6D69099515560c642CD98a483c195976323a5b6a,bbn1uax6wtg8ue068l2hqhesecfhufn74xcz83fxtn,USDC,0.000001,Sepolia,Babylon Testnet,SUCCESS,8043990,210339,4
2025-04-03T19:20:03.350Z,0x9539d53741503a03e6845386fa61a9273ccd9acb888b72784f6c73316c7f9d65,0x6D69099515560c642CD98a483c195976323a5b6a,bbn1uax6wtg8ue068l2hqhesecfhufn74xcz83fxtn,USDC,0.000001,Sepolia,Babylon Testnet,SUCCESS,8043993,210339,4
2025-04-03T19:20:38.855Z,0x33478157e2622d347eabbd4645a37fa92888271e51a7ad6cd6726031cadea01c,0x6D69099515560c642CD98a483c195976323a5b6a,bbn1uax6wtg8ue068l2hqhesecfhufn74xcz83fxtn,USDC,0.000001,Sepolia,Babylon Testnet,SUCCESS,8043996,210339,5
2025-04-03T19:21:14.885Z,0xd9c75a3990f23aeb3dd2b0a7ee28da8b618237e624f25dfe1d1894eb207b1433,0x6D69099515560c642CD98a483c195976323a5b6a,bbn1uax6wtg8ue068l2hqhesecfhufn74xcz83fxtn,USDC,0.000001,Sepolia,Babylon Testnet,SUCCESS,8043999,210339,5
2025-04-03T19:21:51.173Z,0x5ff08a993f4f0624a7e5f690269a53d4cfdfe4e9af2001b8ff6ef0b73974f4e1,0x6D69099515560c642CD98a483c195976323a5b6a,bbn1uax6wtg8ue068l2hqhesecfhufn74xcz83fxtn,USDC,0.000001,Sepolia,Babylon Testnet,SUCCESS,8044002,210339,5
2025-04-03T19:22:26.530Z,0x510497adcf8df6c7d49e67bcd2687e4032715cd5b4209a73cbf6f44c630fd201,0x6D69099515560c642CD98a483c195976323a5b6a,bbn1uax6wtg8ue068l2hqhesecfhufn74xcz83fxtn,USDC,0.000001,Sepolia,Babylon Testnet,SUCCESS,8044005,210339,5
2025-04-03T19:23:04.318Z,0xa70322bc3653b2d60d93bdc35234722a172ac680505ca0f0febb76030d85dbe4,0x6D69099515560c642CD98a483c195976323a5b6a,bbn1uax6wtg8ue068l2hqhesecfhufn74xcz83fxtn,USDC,0.000001,Sepolia,Babylon Testnet,SUCCESS,8044008,210339,5
2025-04-03T19:23:54.204Z,0x8990f8bde131ee8fba834812d486f9628a52321050ad0cd2cc40acb19a26803a,0x6D69099515560c642CD98a483c195976323a5b6a,bbn1uax6wtg8ue068l2hqhesecfhufn74xcz83fxtn,USDC,0.000001,Sepolia,Babylon Testnet,SUCCESS,8044011,210339,6
2025-04-03T19:24:29.021Z,0xf17c10344d313a65367a5026fbf40e80aa0a4c101466e2788332c2892011fad0,0x6D69099515560c642CD98a483c195976323a5b6a,bbn1uax6wtg8ue068l2hqhesecfhufn74xcz83fxtn,USDC,0.000001,Sepolia,Babylon Testnet,SUCCESS,8044014,210339,6
2025-04-03T19:25:02.061Z,0x1a213e4fb43395b22a7978f74cacc1671855a319d7de049352e13488a0530d91,0x6D69099515560c642CD98a483c195976323a5b6a,bbn1uax6wtg8ue068l2hqhesecfhufn74xcz83fxtn,USDC,0.000001,Sepolia,Babylon Testnet,SUCCESS,8044017,210327,6
2025-04-03T19:25:42.696Z,0x9b34bacaf249ada0604b1107c6cdfedbc50fabca9668b7d6329deb4ac5296689,0x6D69099515560c642CD98a483c195976323a5b6a,bbn1uax6wtg8ue068l2hqhesecfhufn74xcz83fxtn,USDC,0.000001,Sepolia,Babylon Testnet,SUCCESS,8044020,210339,6
2025-04-03T19:26:17.533Z,0x70e914fc0196bf86959458b2c70f83bd2ddeec95dba36197fef8bc018a85d11d,0x6D69099515560c642CD98a483c195976323a5b6a,bbn1uax6wtg8ue068l2hqhesecfhufn74xcz83fxtn,USDC,0.000001,Sepolia,Babylon Testnet,SUCCESS,8044023,210339,6
2025-04-03T19:33:04.640Z,0x456d7f2c69302001d07a2652d63efe9f3d9662d400f74b016c0f4bd9c7c5e5e8,0x6D69099515560c642CD98a483c195976323a5b6a,bbn1uax6wtg8ue068l2hqhesecfhufn74xcz83fxtn,USDC,0.000001,Sepolia,Babylon Testnet,SUCCESS,8044057,210339,1
2025-04-03T19:33:52.437Z,0x8e04dde396065fc26518875726a2946c8ae2b87f55d34ce20c347efcf27b6612,0x6D69099515560c642CD98a483c195976323a5b6a,bbn1uax6wtg8ue068l2hqhesecfhufn74xcz83fxtn,USDC,0.000001,Sepolia,Babylon Testnet,SUCCESS,8044061,210327,1
2025-04-03T19:57:50.258Z,0xac0989007f59d37bd6683ccb4cfcc7436c90c048746c1e1417f57356da63345c,0x6D69099515560c642CD98a483c195976323a5b6a,bbn1uax6wtg8ue068l2hqhesecfhufn74xcz83fxtn,USDC,0.000001,Sepolia,Babylon Testnet,SUCCESS,8044175,210339,1
2025-04-03T19:58:13.695Z,0xb9ac76e041bb8bf11ba02ce24515603c371df20329ef05e38a70d0453e15bace,0x6D69099515560c642CD98a483c195976323a5b6a,bbn1uax6wtg8ue068l2hqhesecfhufn74xcz83fxtn,USDC,0.000001,Sepolia,Babylon Testnet,SUCCESS,8044177,210339,1
2025-04-03T20:00:27.749Z,0x94d75096768e97c2caecc5394102f7bca651bdc298843798ed012a16b60ab285,0x6D69099515560c642CD98a483c195976323a5b6a,bbn1uax6wtg8ue068l2hqhesecfhufn74xcz83fxtn,USDC,0.000001,Sepolia,Babylon Testnet,SUCCESS,8044188,210339,1
2025-04-03T20:17:04.101Z,0x3ddb7727ae0f6b6a8e6420aa69140579943b7dc0f2c98fc16037777b50f49ebb,0x6D69099515560c642CD98a483c195976323a5b6a,bbn1uax6wtg8ue068l2hqhesecfhufn74xcz83fxtn,USDC,0.000001,Sepolia,Babylon Testnet,SUCCESS,8044265,210339,1
2025-04-03T20:17:39.915Z,0x37bcd188e54aaa12a20bb1de635be277373007d99237346201b1d6532bd068fc,0x6D69099515560c642CD98a483c195976323a5b6a,bbn1uax6wtg8ue068l2hqhesecfhufn74xcz83fxtn,USDC,0.000001,Sepolia,Babylon Testnet,SUCCESS,8044268,210339,1
2025-04-03T20:18:16.451Z,0x047d80a9c1faf8669d7783ba4a0003918b636b05ca063126136fab3731005c56,0x6D69099515560c642CD98a483c195976323a5b6a,bbn1uax6wtg8ue068l2hqhesecfhufn74xcz83fxtn,USDC,0.000001,Sepolia,Babylon Testnet,SUCCESS,8044271,210339,1
2025-04-03T20:18:50.478Z,0x0aaf0783828c7586f63857216285a4bbbd9fc271cc943d0a7695b0e0a34d91e2,0x6D69099515560c642CD98a483c195976323a5b6a,bbn1uax6wtg8ue068l2hqhesecfhufn74xcz83fxtn,USDC,0.000001,Sepolia,Babylon Testnet,SUCCESS,8044274,210339,1
2025-04-03T20:19:27.157Z,0xc06b54ba568547c46aefe68659df4aa5f0ee00be8b5cc2017efa5775fcdadd26,0x6D69099515560c642CD98a483c195976323a5b6a,bbn1uax6wtg8ue068l2hqhesecfhufn74xcz83fxtn,USDC,0.000001,Sepolia,Babylon Testnet,SUCCESS,8044277,210339,1
2025-04-03T20:20:26.780Z,0xa2bc3604db83aba9459ea52cd563d2840f85421d7bfce393d76627ffc64095c1,0x6D69099515560c642CD98a483c195976323a5b6a,bbn1uax6wtg8ue068l2hqhesecfhufn74xcz83fxtn,USDC,0.000001,Sepolia,Babylon Testnet,SUCCESS,8044280,210339,1
2025-04-03T20:21:04.573Z,0xdc4a9cdda1d6688d3487a682e57757a8abf99e75ad12c121f5c0d73f186db769,0x6D69099515560c642CD98a483c195976323a5b6a,bbn1uax6wtg8ue068l2hqhesecfhufn74xcz83fxtn,USDC,0.000001,Sepolia,Babylon Testnet,SUCCESS,8044283,210339,1
2025-04-03T20:30:40.967Z,0xfacb699f9149ac730b75a6031e6946fae6f26b681f3fe0fa9e6ed6ae827d2685,0x6D69099515560c642CD98a483c195976323a5b6a,bbn1uax6wtg8ue068l2hqhesecfhufn74xcz83fxtn,USDC,0.000001,Sepolia,Babylon Testnet,SUCCESS,8044331,210327,1
2025-04-03T20:31:16.373Z,0xb374c42777764c94b91f12a4e3ea4c71bfc240ed1a0c91219b8528cc66180222,0x6D69099515560c642CD98a483c195976323a5b6a,bbn1uax6wtg8ue068l2hqhesecfhufn74xcz83fxtn,USDC,0.000001,Sepolia,Babylon Testnet,SUCCESS,8044334,210339,1
2025-04-03T20:31:51.814Z,0x5857c5f0607b15db6ce7c2ad5370e1ba6b7d4f01edc0c93a711810efef6d8134,0x6D69099515560c642CD98a483c195976323a5b6a,bbn1uax6wtg8ue068l2hqhesecfhufn74xcz83fxtn,USDC,0.000001,Sepolia,Babylon Testnet,SUCCESS,8044337,210339,1
2025-04-03T20:45:05.064Z,0x5d81c8a52af39a034503ef554e31c0470670a609c3f43bdf5827488a18826d12,0x6D69099515560c642CD98a483c195976323a5b6a,bbn1uax6wtg8ue068l2hqhesecfhufn74xcz83fxtn,USDC,0.000001,Sepolia,Babylon Testnet,SUCCESS,8044401,210339,1
2025-04-03T20:45:40.426Z,0x968bf877c4258c90b3985a80bc2d45ea91f48315fb9be0f8f76598d285ad4e58,0x6D69099515560c642CD98a483c195976323a5b6a,bbn1uax6wtg8ue068l2hqhesecfhufn74xcz83fxtn,USDC,0.000001,Sepolia,Babylon Testnet,SUCCESS,8044404,210327,1
2025-04-03T20:46:15.703Z,0x8fc3727b4587e96a93201eb21ad81577c44143fdd032b5b2e1b23ca272abe5f3,0x6D69099515560c642CD98a483c195976323a5b6a,bbn1uax6wtg8ue068l2hqhesecfhufn74xcz83fxtn,USDC,0.000001,Sepolia,Babylon Testnet,SUCCESS,8044406,210339,1
2025-04-03T20:46:50.825Z,0xe42beb1a53171a8e410ce46ca75d1ce659c56f5752a9b11e752376f390198767,0x6D69099515560c642CD98a483c195976323a5b6a,bbn1uax6wtg8ue068l2hqhesecfhufn74xcz83fxtn,USDC,0.000001,Sepolia,Babylon Testnet,SUCCESS,8044409,210339,1
2025-04-03T20:47:26.395Z,0xa9dea494b532bfb6e3ac813ef94912f039f0dd39dcc10fad8c81bf1664422d59,0x6D69099515560c642CD98a483c195976323a5b6a,bbn1uax6wtg8ue068l2hqhesecfhufn74xcz83fxtn,USDC,0.000001,Sepolia,Babylon Testnet,SUCCESS,8044412,210339,1
2025-04-03T20:48:01.864Z,0xd70edc17b161e0dc262cd4e64b2f603803836087d576804617a396d118b3fd1c,0x6D69099515560c642CD98a483c195976323a5b6a,bbn1uax6wtg8ue068l2hqhesecfhufn74xcz83fxtn,USDC,0.000001,Sepolia,Babylon Testnet,SUCCESS,8044415,210339,1
2025-04-03T20:48:37.542Z,0x8d3187e8e4589a8ab5f21aa8f7718f92e01f0489e25e4e6358f106ff714bfc9e,0x6D69099515560c642CD98a483c195976323a5b6a,bbn1uax6wtg8ue068l2hqhesecfhufn74xcz83fxtn,USDC,0.000001,Sepolia,Babylon Testnet,SUCCESS,8044418,210327,1
2025-04-03T20:49:12.676Z,0xb3b7018697eb2d8225b14f7d460da0d0c17085bd216f42f28c7eeb21d97c84db,0x6D69099515560c642CD98a483c195976323a5b6a,bbn1uax6wtg8ue068l2hqhesecfhufn74xcz83fxtn,USDC,0.000001,Sepolia,Babylon Testnet,SUCCESS,8044421,210339,1
2025-04-03T20:49:39.666Z,0x99091c2a1ee09af04ca66469adcaf996f1ae741c6387ab40be4aeb6ff7873937,0x6D69099515560c642CD98a483c195976323a5b6a,bbn1uax6wtg8ue068l2hqhesecfhufn74xcz83fxtn,USDC,0.000001,Sepolia,Babylon Testnet,SUCCESS,8044423,210339,1
2025-04-03T20:50:14.745Z,0x3be47022be372b58d6a661eb5338280e2c5b10099ae987d17f251bd21f4ed100,0x6D69099515560c642CD98a483c195976323a5b6a,bbn1uax6wtg8ue068l2hqhesecfhufn74xcz83fxtn,USDC,0.000001,Sepolia,Babylon Testnet,SUCCESS,8044426,210339,1
2025-04-03T20:50:50.501Z,0x7a35e9640bee98af0741aff0ede84ce67429fb863f4a4774cde07f1c8e8ba321,0x6D69099515560c642CD98a483c195976323a5b6a,bbn1uax6wtg8ue068l2hqhesecfhufn74xcz83fxtn,USDC,0.000001,Sepolia,Babylon Testnet,SUCCESS,8044429,210339,1
2025-04-03T20:51:26.731Z,0x37b074b1a84448929196431e42de29583a36312a3b226ceac684319e14729a07,0x6D69099515560c642CD98a483c195976323a5b6a,bbn1uax6wtg8ue068l2hqhesecfhufn74xcz83fxtn,USDC,0.000001,Sepolia,Babylon Testnet,SUCCESS,8044432,210327,1
2025-04-03T20:52:01.860Z,0xb0e7c3d35e12a398948b4dec3ba07a95f112e099dd8b973344003959c7f7337b,0x6D69099515560c642CD98a483c195976323a5b6a,bbn1uax6wtg8ue068l2hqhesecfhufn74xcz83fxtn,USDC,0.000001,Sepolia,Babylon Testnet,SUCCESS,8044435,210339,1
2025-04-03T20:52:53.524Z,0x38e371a5969dbee15db1657cf7a196e8324515b167da9c38079faf128f770be2,0x6D69099515560c642CD98a483c195976323a5b6a,bbn1uax6wtg8ue068l2hqhesecfhufn74xcz83fxtn,USDC,0.000001,Sepolia,Babylon Testnet,SUCCESS,8044439,210339,1
2025-04-03T20:53:28.352Z,0x13ccfbf22fb4509b33f986d80d99a7cbd8f891e89d8dd18e276d3a4a4807406d,0x6D69099515560c642CD98a483c195976323a5b6a,bbn1uax6wtg8ue068l2hqhesecfhufn74xcz83fxtn,USDC,0.000001,Sepolia,Babylon Testnet,SUCCESS,8044442,210339,1
2025-04-03T20:54:04.031Z,0x845abb110f9945c3dd7a5b2f126bfcbb126f49afd68997d54b0c35c6e3f44be0,0x6D69099515560c642CD98a483c195976323a5b6a,bbn1uax6wtg8ue068l2hqhesecfhufn74xcz83fxtn,USDC,0.000001,Sepolia,Babylon Testnet,SUCCESS,8044445,210339,1
2025-04-03T20:54:52.328Z,0xed28c1bc35f83d21016bb811ba6af867c5870fa99c1205f207d898ae463bf77b,0x6D69099515560c642CD98a483c195976323a5b6a,bbn1uax6wtg8ue068l2hqhesecfhufn74xcz83fxtn,USDC,0.000001,Sepolia,Babylon Testnet,SUCCESS,8044449,210339,1
2025-04-03T20:55:27.599Z,0x1727bdde08dec275a2b1cc92d0732739328fe7168f809871286c573c87f4a5f2,0x6D69099515560c642CD98a483c195976323a5b6a,bbn1uax6wtg8ue068l2hqhesecfhufn74xcz83fxtn,USDC,0.000001,Sepolia,Babylon Testnet,SUCCESS,8044452,210339,1
2025-04-03T20:56:03.403Z,0x65ec30cbf6be973db9435db9396f92978cc3dc3beaa42d746b960292781bd373,0x6D69099515560c642CD98a483c195976323a5b6a,bbn1uax6wtg8ue068l2hqhesecfhufn74xcz83fxtn,USDC,0.000001,Sepolia,Babylon Testnet,SUCCESS,8044455,210339,1
2025-04-03T20:56:39.540Z,0x91c94619fc222c6186c1163166cf799eda43b41827e8144bf0229b8bb5f5a7bd,0x6D69099515560c642CD98a483c195976323a5b6a,bbn1uax6wtg8ue068l2hqhesecfhufn74xcz83fxtn,USDC,0.000001,Sepolia,Babylon Testnet,SUCCESS,8044458,210339,1
2025-04-03T20:57:25.411Z,0x43405f5739beccaaa968517e4dbc20b8575546ba2e5b4c053b11f7f256ac7dd7,0x6D69099515560c642CD98a483c195976323a5b6a,bbn1uax6wtg8ue068l2hqhesecfhufn74xcz83fxtn,USDC,0.000001,Sepolia,Babylon Testnet,SUCCESS,8044461,210339,1
2025-04-03T20:58:04.229Z,0xdaf2ea239fcdd3a6821c48562b7849856a422fd61a33de926de711362475688c,0x6D69099515560c642CD98a483c195976323a5b6a,bbn1uax6wtg8ue068l2hqhesecfhufn74xcz83fxtn,USDC,0.000001,Sepolia,Babylon Testnet,SUCCESS,8044464,210327,1
2025-04-03T20:58:48.903Z,0xa40c77cb78a290c5a0cf3f6472f163a76fa44b9f69f4c9a0709d954374be6504,0x6D69099515560c642CD98a483c195976323a5b6a,bbn1uax6wtg8ue068l2hqhesecfhufn74xcz83fxtn,USDC,0.000001,Sepolia,Babylon Testnet,SUCCESS,8044467,210339,1
2025-04-03T20:59:14.993Z,0x7caa0f2450c997226e2d4c260b988070533e82cae1b35df6ce1084a0d1981762,0x6D69099515560c642CD98a483c195976323a5b6a,bbn1uax6wtg8ue068l2hqhesecfhufn74xcz83fxtn,USDC,0.000001,Sepolia,Babylon Testnet,SUCCESS,8044469,210339,1
2025-04-03T20:59:50.080Z,0x6c101af23bfba936ffaddcc14bd882fb5d7daf63fd01261bcace5bf3d3405929,0x6D69099515560c642CD98a483c195976323a5b6a,bbn1uax6wtg8ue068l2hqhesecfhufn74xcz83fxtn,USDC,0.000001,Sepolia,Babylon Testnet,SUCCESS,8044472,210339,1
2025-04-03T21:00:25.471Z,0xcc8d9ff94a23a9b9d5b3f4d1b3279113cd2b812ed38d9ccac4880891e99fc2b5,0x6D69099515560c642CD98a483c195976323a5b6a,bbn1uax6wtg8ue068l2hqhesecfhufn74xcz83fxtn,USDC,0.000001,Sepolia,Babylon Testnet,SUCCESS,8044475,210339,1
2025-04-03T21:01:12.967Z,0x3f47bb000227f287dfd007b7ccf149d3b32e8abf72c45745b9a7539037c81564,0x6D69099515560c642CD98a483c195976323a5b6a,bbn1uax6wtg8ue068l2hqhesecfhufn74xcz83fxtn,USDC,0.000001,Sepolia,Babylon Testnet,SUCCESS,8044479,210339,1
2025-04-03T21:01:49.685Z,0x797b6a97ee38c49f5129e1228b1f9b0c81f836bc15c7cbe341b126d979edf863,0x6D69099515560c642CD98a483c195976323a5b6a,bbn1uax6wtg8ue068l2hqhesecfhufn74xcz83fxtn,USDC,0.000001,Sepolia,Babylon Testnet,SUCCESS,8044482,210339,1
2025-04-03T21:02:26.292Z,0xab86bcd7f971c4a4192748ca926f71af57270af588eecc2d6fcfb9f2c91689e0,0x6D69099515560c642CD98a483c195976323a5b6a,bbn1uax6wtg8ue068l2hqhesecfhufn74xcz83fxtn,USDC,0.000001,Sepolia,Babylon Testnet,SUCCESS,8044485,210339,1
2025-04-03T21:03:02.872Z,0x33915aa42ce103175eb9b2ccc72541f87a41219e353e9f1643628eaba8056c42,0x6D69099515560c642CD98a483c195976323a5b6a,bbn1uax6wtg8ue068l2hqhesecfhufn74xcz83fxtn,USDC,0.000001,Sepolia,Babylon Testnet,SUCCESS,8044488,210339,1
2025-04-03T21:03:39.248Z,0xff36c4e708ba8da1ea8c6276ed0cbf0d5b330be2db93bed616b37b37b29ecbab,0x6D69099515560c642CD98a483c195976323a5b6a,bbn1uax6wtg8ue068l2hqhesecfhufn74xcz83fxtn,USDC,0.000001,Sepolia,Babylon Testnet,SUCCESS,8044491,210339,1
2025-04-03T21:04:15.210Z,0x84153100e5f9bf16ac6d383786e258c116851ebf0d3dda74ff9a025af9077889,0x6D69099515560c642CD98a483c195976323a5b6a,bbn1uax6wtg8ue068l2hqhesecfhufn74xcz83fxtn,USDC,0.000001,Sepolia,Babylon Testnet,SUCCESS,8044494,210339,1
2025-04-03T21:04:52.855Z,0x81cf70077099c1e5e2c2fc2e80bc24a2836666f33bf2a38185e9cb2b04c7ccf6,0x6D69099515560c642CD98a483c195976323a5b6a,bbn1uax6wtg8ue068l2hqhesecfhufn74xcz83fxtn,USDC,0.000001,Sepolia,Babylon Testnet,SUCCESS,8044497,210339,1
2025-04-03T21:05:28.936Z,0x4788ea55f572ebe512ad6fba13c7d4925e18a68f93ab6deb630d7d6a5b3f6b6b,0x6D69099515560c642CD98a483c195976323a5b6a,bbn1uax6wtg8ue068l2hqhesecfhufn74xcz83fxtn,USDC,0.000001,Sepolia,Babylon Testnet,SUCCESS,8044500,210339,1
2025-04-03T21:06:01.261Z,0xe3cdaa31b881a872389d57b393f67ea628d5b935f19345e6b09f898eab10269a,0x6D69099515560c642CD98a483c195976323a5b6a,bbn1uax6wtg8ue068l2hqhesecfhufn74xcz83fxtn,USDC,0.000001,Sepolia,Babylon Testnet,SUCCESS,8044503,210339,1
2025-04-03T21:06:39.411Z,0x917e1d589bb0e487031bebdc76a0da8c68e58772ebde9f6731e335ecaa077117,0x6D69099515560c642CD98a483c195976323a5b6a,bbn1uax6wtg8ue068l2hqhesecfhufn74xcz83fxtn,USDC,0.000001,Sepolia,Babylon Testnet,SUCCESS,8044506,210339,1
2025-04-03T21:07:13.745Z,0xfa556256fd8f3a95bc59889e959be239dca76001b27ab225236d756d864b44de,0x6D69099515560c642CD98a483c195976323a5b6a,bbn1uax6wtg8ue068l2hqhesecfhufn74xcz83fxtn,USDC,0.000001,Sepolia,Babylon Testnet,SUCCESS,8044509,210339,1
2025-04-03T21:07:57.186Z,0x3f1dfa20b54afe236825896fafc4aa2f14dc16f283927e09d6e3f25566fbaccc,0x6D69099515560c642CD98a483c195976323a5b6a,bbn1uax6wtg8ue068l2hqhesecfhufn74xcz83fxtn,USDC,0.000001,Sepolia,Babylon Testnet,SUCCESS,8044512,210327,1
2025-04-03T21:08:24.667Z,0x97207cbd0eb1a8609909b351b3a9430616db8b399937b2e71a658fd705702086,0x6D69099515560c642CD98a483c195976323a5b6a,bbn1uax6wtg8ue068l2hqhesecfhufn74xcz83fxtn,USDC,0.000001,Sepolia,Babylon Testnet,SUCCESS,8044515,210339,1
2025-04-03T21:09:01.597Z,0x747d997202a87a9b09de0d03913ab82e9e23a6a2482347581fc582c5e212baeb,0x6D69099515560c642CD98a483c195976323a5b6a,bbn1uax6wtg8ue068l2hqhesecfhufn74xcz83fxtn,USDC,0.000001,Sepolia,Babylon Testnet,SUCCESS,8044518,210339,1
2025-04-03T21:09:40.808Z,0xce00e94f826b76930c855e40e8703d2732393d7ba3f890de7269e349681681bb,0x6D69099515560c642CD98a483c195976323a5b6a,bbn1uax6wtg8ue068l2hqhesecfhufn74xcz83fxtn,USDC,0.000001,Sepolia,Babylon Testnet,SUCCESS,8044521,210339,1
2025-04-03T21:10:16.879Z,0x0479b01a71526333738caace6c6c67b52a7baffaa33d31f1ba643f0144195b6f,0x6D69099515560c642CD98a483c195976323a5b6a,bbn1uax6wtg8ue068l2hqhesecfhufn74xcz83fxtn,USDC,0.000001,Sepolia,Babylon Testnet,SUCCESS,8044524,210339,1
2025-04-03T21:11:14.083Z,0x72bb0e9147c07c6d65b33b954b7e4053f50d3586c69f3773a08e52931abd3640,0x6D69099515560c642CD98a483c195976323a5b6a,bbn1uax6wtg8ue068l2hqhesecfhufn74xcz83fxtn,USDC,0.000001,Sepolia,Babylon Testnet,SUCCESS,8044529,210339,1
2025-04-03T21:12:04.440Z,0xd0c044696ad80586770132c41dff4d029d2bc833d207151a2ec7e0dc3c351f44,0x6D69099515560c642CD98a483c195976323a5b6a,bbn1uax6wtg8ue068l2hqhesecfhufn74xcz83fxtn,USDC,0.000001,Sepolia,Babylon Testnet,SUCCESS,8044532,210339,1
2025-04-03T21:12:38.649Z,0x3874d1b81b2d11485019196fecf14bfff5a7807602abc731680c061dfc754b70,0x6D69099515560c642CD98a483c195976323a5b6a,bbn1uax6wtg8ue068l2hqhesecfhufn74xcz83fxtn,USDC,0.000001,Sepolia,Babylon Testnet,SUCCESS,8044535,210339,1
2025-04-03T21:13:15.823Z,0x3b7cba5229f9ff0db76d486532f7e706161d2afc66fd58c514368651a11cd9ff,0x6D69099515560c642CD98a483c195976323a5b6a,bbn1uax6wtg8ue068l2hqhesecfhufn74xcz83fxtn,USDC,0.000001,Sepolia,Babylon Testnet,SUCCESS,8044538,210339,1
2025-04-03T21:13:50.264Z,0xc898996ec14a830cef1143cc18a03c6b29c7c941c9422c5b25df1b48ba09fc67,0x6D69099515560c642CD98a483c195976323a5b6a,bbn1uax6wtg8ue068l2hqhesecfhufn74xcz83fxtn,USDC,0.000001,Sepolia,Babylon Testnet,SUCCESS,8044541,210339,1
2025-04-03T21:14:25.924Z,0x60e8224167d7381dddbb2ceabb1930a1fce5ea2306aa2c077504f59f47bef488,0x6D69099515560c642CD98a483c195976323a5b6a,bbn1uax6wtg8ue068l2hqhesecfhufn74xcz83fxtn,USDC,0.000001,Sepolia,Babylon Testnet,SUCCESS,8044544,210339,1
2025-04-03T21:15:02.663Z,0x49b87f2d360b1d85fa1080c548a266aaf920fd0d889da760a36caa006010bc79,0x6D69099515560c642CD98a483c195976323a5b6a,bbn1uax6wtg8ue068l2hqhesecfhufn74xcz83fxtn,USDC,0.000001,Sepolia,Babylon Testnet,SUCCESS,8044547,210339,1
2025-04-03T21:15:38.337Z,0x8d7bdb9730f569d24db49f0c3c0515f0cfad09d74b4b6aeb835e5cf209154814,0x6D69099515560c642CD98a483c195976323a5b6a,bbn1uax6wtg8ue068l2hqhesecfhufn74xcz83fxtn,USDC,0.000001,Sepolia,Babylon Testnet,SUCCESS,8044550,210339,1
2025-04-03T21:16:49.490Z,0x6ec0b0059c197b2d68256d684b74d5b67de730e410e11f1d2edc435b0b1c54c4,0x6D69099515560c642CD98a483c195976323a5b6a,bbn1uax6wtg8ue068l2hqhesecfhufn74xcz83fxtn,USDC,0.000001,Sepolia,Babylon Testnet,SUCCESS,8044554,210339,1
2025-04-03T21:17:16.440Z,0xac9dc539a09bd56676d311e1b5aae7dd3a95b975ad9753b1dc5ded28541cf536,0x6D69099515560c642CD98a483c195976323a5b6a,bbn1uax6wtg8ue068l2hqhesecfhufn74xcz83fxtn,USDC,0.000001,Sepolia,Babylon Testnet,SUCCESS,8044556,210339,1
2025-04-03T21:17:53.144Z,0x2427b86a1c613e84bdb0c762525e9eb8b17ea2e86904b073825d698ee749cdd4,0x6D69099515560c642CD98a483c195976323a5b6a,bbn1uax6wtg8ue068l2hqhesecfhufn74xcz83fxtn,USDC,0.000001,Sepolia,Babylon Testnet,SUCCESS,8044559,210339,1
2025-04-03T21:18:39.010Z,0x8151aabb679266f18c522582cff816bf755cec6c490df61c2f98ca5c8151399e,0x6D69099515560c642CD98a483c195976323a5b6a,bbn1uax6wtg8ue068l2hqhesecfhufn74xcz83fxtn,USDC,0.000001,Sepolia,Babylon Testnet,SUCCESS,8044563,210339,1
2025-04-03T21:19:15.530Z,0x045646cc7b791211400119cd98b676538512ad4bc5d332aa214bee11675c5b2d,0x6D69099515560c642CD98a483c195976323a5b6a,bbn1uax6wtg8ue068l2hqhesecfhufn74xcz83fxtn,USDC,0.000001,Sepolia,Babylon Testnet,SUCCESS,8044566,210339,1
2025-04-03T21:20:05.929Z,0x5d0875ad35667f09da974f997d2ede84e311e74d5d67c69dc23268cef5ddeb7a,0x6D69099515560c642CD98a483c195976323a5b6a,bbn1uax6wtg8ue068l2hqhesecfhufn74xcz83fxtn,USDC,0.000001,Sepolia,Babylon Testnet,SUCCESS,8044569,210339,1
2025-04-03T21:20:38.867Z,0x5cc8479ad9f04027485a5955aa24cce2c2d50a04edd5dfcb43099db70c7a2699,0x6D69099515560c642CD98a483c195976323a5b6a,bbn1uax6wtg8ue068l2hqhesecfhufn74xcz83fxtn,USDC,0.000001,Sepolia,Babylon Testnet,SUCCESS,8044572,210339,1
2025-04-03T21:21:15.775Z,0xb89cd91e1fc4ac38e5fbd1f01eaf4c9662a7adab88ef935170633470dba86dd4,0x6D69099515560c642CD98a483c195976323a5b6a,bbn1uax6wtg8ue068l2hqhesecfhufn74xcz83fxtn,USDC,0.000001,Sepolia,Babylon Testnet,SUCCESS,8044575,210339,1
2025-04-03T21:21:53.331Z,0x216d562101ba52d111c6970c80b706a9556c786558cfc9527b540995e6fa76fc,0x6D69099515560c642CD98a483c195976323a5b6a,bbn1uax6wtg8ue068l2hqhesecfhufn74xcz83fxtn,USDC,0.000001,Sepolia,Babylon Testnet,SUCCESS,8044578,210339,1
2025-04-03T21:22:39.922Z,0x41b8c54033741cb505e6dcf1112b90cd4fda29a81244208284ba7c21b82b59d6,0x6D69099515560c642CD98a483c195976323a5b6a,bbn1uax6wtg8ue068l2hqhesecfhufn74xcz83fxtn,USDC,0.000001,Sepolia,Babylon Testnet,SUCCESS,8044581,210339,1
2025-04-03T21:23:27.005Z,ERROR,0x6D69099515560c642CD98a483c195976323a5b6a,bbn1uax6wtg8ue068l2hqhesecfhufn74xcz83fxtn,USDC,0.000001,Sepolia,Babylon Testnet,ERROR,0,0,1
2025-04-03T21:23:55.137Z,ERROR,0x6D69099515560c642CD98a483c195976323a5b6a,bbn1uax6wtg8ue068l2hqhesecfhufn74xcz83fxtn,USDC,0.000001,Sepolia,Babylon Testnet,ERROR,0,0,1
2025-04-03T21:24:15.324Z,0x7c25c575b7121ffa89bfdabee32fc0e2ef49dffdd60833954bc48d6a2094caa1,0x6D69099515560c642CD98a483c195976323a5b6a,bbn1uax6wtg8ue068l2hqhesecfhufn74xcz83fxtn,USDC,0.000001,Sepolia,Babylon Testnet,SUCCESS,8044589,210339,1
2025-04-03T21:24:50.630Z,0x21d5e08b773b666b25b1a944ff04da4ae8f17dbfc954f6fccf9299d9bf2c2a33,0x6D69099515560c642CD98a483c195976323a5b6a,bbn1uax6wtg8ue068l2hqhesecfhufn74xcz83fxtn,USDC,0.000001,Sepolia,Babylon Testnet,SUCCESS,8044592,210339,1
2025-04-03T21:25:26.073Z,0x25951e78ad757445e7649b80d36de03b8cd7ee4d4ed4fd2d4590a19b5c6cd20f,0x6D69099515560c642CD98a483c195976323a5b6a,bbn1uax6wtg8ue068l2hqhesecfhufn74xcz83fxtn,USDC,0.000001,Sepolia,Babylon Testnet,SUCCESS,8044595,210339,1
2025-04-03T21:26:02.706Z,ERROR,0x6D69099515560c642CD98a483c195976323a5b6a,bbn1uax6wtg8ue068l2hqhesecfhufn74xcz83fxtn,USDC,0.000001,Sepolia,Babylon Testnet,ERROR,0,0,1
2025-04-03T21:26:48.969Z,0x8a90f70afb6d227cb8474d021f23d43073905384caa7a5f2486049c4dbcd722b,0x6D69099515560c642CD98a483c195976323a5b6a,bbn1uax6wtg8ue068l2hqhesecfhufn74xcz83fxtn,USDC,0.000001,Sepolia,Babylon Testnet,SUCCESS,8044602,210339,1
2025-04-03T21:27:27.604Z,0x7b56b8d0da0b58f06f352f04f8d60b9169eefaa89678024270e1d77556f96fbe,0x6D69099515560c642CD98a483c195976323a5b6a,bbn1uax6wtg8ue068l2hqhesecfhufn74xcz83fxtn,USDC,0.000001,Sepolia,Babylon Testnet,SUCCESS,8044605,210327,1
2025-04-03T21:28:16.297Z,0xfde28a31b7eaa6db9f124e721730c67b19483440c244da7af739940bfe2a0119,0x6D69099515560c642CD98a483c195976323a5b6a,bbn1uax6wtg8ue068l2hqhesecfhufn74xcz83fxtn,USDC,0.000001,Sepolia,Babylon Testnet,SUCCESS,8044608,210339,1
2025-04-03T21:28:51.441Z,0xd5fc5539b149f59dd24407c34ea2deed2177182ef52f1847d36c3da6b1be325a,0x6D69099515560c642CD98a483c195976323a5b6a,bbn1uax6wtg8ue068l2hqhesecfhufn74xcz83fxtn,USDC,0.000001,Sepolia,Babylon Testnet,SUCCESS,8044611,210339,1
2025-04-03T21:29:26.643Z,0x4dc99e24b5bcddc25fc28754becd3a20b7b4c35ed38f9adfaa4babda05a37317,0x6D69099515560c642CD98a483c195976323a5b6a,bbn1uax6wtg8ue068l2hqhesecfhufn74xcz83fxtn,USDC,0.000001,Sepolia,Babylon Testnet,SUCCESS,8044614,210327,1
2025-04-03T21:30:02.238Z,0xa5b9b91db966950449035979bf42a0fcf51e933b7437d0c59135df2f82a6d235,0x6D69099515560c642CD98a483c195976323a5b6a,bbn1uax6wtg8ue068l2hqhesecfhufn74xcz83fxtn,USDC,0.000001,Sepolia,Babylon Testnet,SUCCESS,8044617,210339,1
2025-04-03T21:30:27.650Z,ERROR,0x6D69099515560c642CD98a483c195976323a5b6a,bbn1uax6wtg8ue068l2hqhesecfhufn74xcz83fxtn,USDC,0.000001,Sepolia,Babylon Testnet,ERROR,0,0,1
2025-04-03T21:30:40.820Z,ERROR,0x6D69099515560c642CD98a483c195976323a5b6a,bbn1uax6wtg8ue068l2hqhesecfhufn74xcz83fxtn,USDC,0.000001,Sepolia,Babylon Testnet,ERROR,0,0,1
2025-04-03T21:31:16.654Z,0x9b1bac3f084cae5ab4893b2ae174eb831fd12f0e058bea0a26cfab2030170ae8,0x6D69099515560c642CD98a483c195976323a5b6a,bbn1uax6wtg8ue068l2hqhesecfhufn74xcz83fxtn,USDC,0.000001,Sepolia,Babylon Testnet,SUCCESS,8044623,210339,1
2025-04-03T21:31:50.410Z,0x17276a3887fa1738c0c69ffaa962f49d43b5572ea299906cf01482adf9e90a6e,0x6D69099515560c642CD98a483c195976323a5b6a,bbn1uax6wtg8ue068l2hqhesecfhufn74xcz83fxtn,USDC,0.000001,Sepolia,Babylon Testnet,SUCCESS,8044626,210339,1
2025-04-03T21:32:27.222Z,0xb998b51b4ca061e6ee0ce758d9d95398248dbbbf098c447e160c3762855db8fe,0x6D69099515560c642CD98a483c195976323a5b6a,bbn1uax6wtg8ue068l2hqhesecfhufn74xcz83fxtn,USDC,0.000001,Sepolia,Babylon Testnet,SUCCESS,8044629,210339,1
2025-04-03T21:33:15.596Z,0xac1d8cf9fe57c791dad35fb5d79b15b96cc96f0e91327e0ad7ff3a596029316e,0x6D69099515560c642CD98a483c195976323a5b6a,bbn1uax6wtg8ue068l2hqhesecfhufn74xcz83fxtn,USDC,0.000001,Sepolia,Babylon Testnet,SUCCESS,8044633,210339,1
2025-04-03T21:33:49.849Z,0xca5eb1be863e7f4db6e8ab735dd22946bd2aa7d08481b6e45c3ef0a434b19464,0x6D69099515560c642CD98a483c195976323a5b6a,bbn1uax6wtg8ue068l2hqhesecfhufn74xcz83fxtn,USDC,0.000001,Sepolia,Babylon Testnet,SUCCESS,8044636,210339,1
2025-04-03T21:34:25.764Z,0x99c59adfcdb0f6bcf0e684f170bef3f18d1f5f5c68f2b4817f705abace2c5789,0x6D69099515560c642CD98a483c195976323a5b6a,bbn1uax6wtg8ue068l2hqhesecfhufn74xcz83fxtn,USDC,0.000001,Sepolia,Babylon Testnet,SUCCESS,8044639,210339,1
2025-04-03T21:34:50.023Z,0x530ec40935fae8b627a1b5f701b29d663b5fc4d42b70e94e539186850bc914b9,0x6D69099515560c642CD98a483c195976323a5b6a,bbn1uax6wtg8ue068l2hqhesecfhufn74xcz83fxtn,USDC,0.000001,Sepolia,Babylon Testnet,SUCCESS,8044641,210339,1
2025-04-03T21:35:27.188Z,0xa6673ca9450cbfc859941768ecc53e39ed2ebba1abb0d184dc9677046a81a3d5,0x6D69099515560c642CD98a483c195976323a5b6a,bbn1uax6wtg8ue068l2hqhesecfhufn74xcz83fxtn,USDC,0.000001,Sepolia,Babylon Testnet,SUCCESS,8044643,210339,1
2025-04-03T21:36:03.836Z,0x6e98c8edc148b114e9d11277ed60ee75ab837b0432a0b4fed0443ac49a7a847b,0x6D69099515560c642CD98a483c195976323a5b6a,bbn1uax6wtg8ue068l2hqhesecfhufn74xcz83fxtn,USDC,0.000001,Sepolia,Babylon Testnet,SUCCESS,8044646,210339,1
2025-04-03T21:36:40.151Z,0x9f217571ffe0281e6a5bfc4764b2dc83fe193b5d15de87e84769bb697fce361a,0x6D69099515560c642CD98a483c195976323a5b6a,bbn1uax6wtg8ue068l2hqhesecfhufn74xcz83fxtn,USDC,0.000001,Sepolia,Babylon Testnet,SUCCESS,8044648,210339,1
2025-04-03T21:37:15.901Z,0x30f0a29bfb1c5b721a8049d852e7574cbebefbfc7ed13f7dcb634f105c84f7eb,0x6D69099515560c642CD98a483c195976323a5b6a,bbn1uax6wtg8ue068l2hqhesecfhufn74xcz83fxtn,USDC,0.000001,Sepolia,Babylon Testnet,SUCCESS,8044651,210327,1
2025-04-03T21:38:01.620Z,0x29d401056a25f6d9ae9ccb33b30905c951b4923500e5083312c2d86dfde344c7,0x6D69099515560c642CD98a483c195976323a5b6a,bbn1uax6wtg8ue068l2hqhesecfhufn74xcz83fxtn,USDC,0.000001,Sepolia,Babylon Testnet,SUCCESS,8044655,210327,1
2025-04-03T21:38:41.616Z,0x08090fc5c715b7fa06ad38f2a6d0a16a529d097853203b73b4a86fc1edf578df,0x6D69099515560c642CD98a483c195976323a5b6a,bbn1uax6wtg8ue068l2hqhesecfhufn74xcz83fxtn,USDC,0.000001,Sepolia,Babylon Testnet,SUCCESS,8044658,210339,1
2025-04-03T21:39:13.886Z,0xeecf7c4b4c18eecfe92b95f4761e5947d4331ab853f9bc55abae89c3767defe9,0x6D69099515560c642CD98a483c195976323a5b6a,bbn1uax6wtg8ue068l2hqhesecfhufn74xcz83fxtn,USDC,0.000001,Sepolia,Babylon Testnet,SUCCESS,8044661,210339,1
2025-04-03T21:39:51.924Z,0x8d654600da3fb2199b4c52fede353f61feb1ac7d2bc71d12074d9db20897ea39,0x6D69099515560c642CD98a483c195976323a5b6a,bbn1uax6wtg8ue068l2hqhesecfhufn74xcz83fxtn,USDC,0.000001,Sepolia,Babylon Testnet,SUCCESS,8044664,210339,1
2025-04-03T21:40:28.667Z,0xd8d115857d68395792a3eb4247d7cb94ee4d2a8a4cc9adad0fc8d150952ea419,0x6D69099515560c642CD98a483c195976323a5b6a,bbn1uax6wtg8ue068l2hqhesecfhufn74xcz83fxtn,USDC,0.000001,Sepolia,Babylon Testnet,SUCCESS,8044667,210339,1
2025-04-03T21:41:04.821Z,0x59caa8253359fdba191df657b2ebb7d93b7ce3ac4d4ff3a9f28ab41c94b48f3c,0x6D69099515560c642CD98a483c195976323a5b6a,bbn1uax6wtg8ue068l2hqhesecfhufn74xcz83fxtn,USDC,0.000001,Sepolia,Babylon Testnet,SUCCESS,8044670,210327,1
2025-04-03T21:41:40.626Z,0x7eb862440917ae10a7adaba9a9ae01b1bcf9ba269d4391319fda6b9c42e6d59b,0x6D69099515560c642CD98a483c195976323a5b6a,bbn1uax6wtg8ue068l2hqhesecfhufn74xcz83fxtn,USDC,0.000001,Sepolia,Babylon Testnet,SUCCESS,8044673,210339,1
2025-04-03T21:42:12.959Z,0x480c528bfe69cd71e962bdac9fb935e1a0676825336a14458175b140b0cbc52d,0x6D69099515560c642CD98a483c195976323a5b6a,bbn1uax6wtg8ue068l2hqhesecfhufn74xcz83fxtn,USDC,0.000001,Sepolia,Babylon Testnet,SUCCESS,8044676,210339,1
2025-04-03T21:43:02.103Z,0x382b692d371b253c40518b7d6de857b0fdbdd6d9a3b96e1dfc5005f89898c239,0x6D69099515560c642CD98a483c195976323a5b6a,bbn1uax6wtg8ue068l2hqhesecfhufn74xcz83fxtn,USDC,0.000001,Sepolia,Babylon Testnet,SUCCESS,8044679,210339,1
2025-04-03T21:43:38.075Z,0x462b794921ce8ed5f7c9a369a5f7afd7f0acb7434fd93ee973950075c3764e0e,0x6D69099515560c642CD98a483c195976323a5b6a,bbn1uax6wtg8ue068l2hqhesecfhufn74xcz83fxtn,USDC,0.000001,Sepolia,Babylon Testnet,SUCCESS,8044682,210327,1
2025-04-03T21:44:13.947Z,0x2a4e9317c0bb55ebc1cbc938cb5ffdac30ed7685a62b3f0d52d1d2a38919f217,0x6D69099515560c642CD98a483c195976323a5b6a,bbn1uax6wtg8ue068l2hqhesecfhufn74xcz83fxtn,USDC,0.000001,Sepolia,Babylon Testnet,SUCCESS,8044685,210327,1
2025-04-03T21:44:52.521Z,0xa4226704f1aac89c3247332ba3cf47c022e91a489c5d7c9a08de6bb41caf1290,0x6D69099515560c642CD98a483c195976323a5b6a,bbn1uax6wtg8ue068l2hqhesecfhufn74xcz83fxtn,USDC,0.000001,Sepolia,Babylon Testnet,SUCCESS,8044688,210339,1
2025-04-03T21:45:25.247Z,0x526fe4121acd7ed5fed378a8cbd92651e6d25c45da324c8caa5d35843352f449,0x6D69099515560c642CD98a483c195976323a5b6a,bbn1uax6wtg8ue068l2hqhesecfhufn74xcz83fxtn,USDC,0.000001,Sepolia,Babylon Testnet,SUCCESS,8044691,210339,1
2025-04-03T21:45:48.598Z,0x9543dc304bd71de7d84c76b1a3180baad1431773f36bf8d48a2820feb85ed4b1,0x6D69099515560c642CD98a483c195976323a5b6a,bbn1uax6wtg8ue068l2hqhesecfhufn74xcz83fxtn,USDC,0.000001,Sepolia,Babylon Testnet,SUCCESS,8044693,210327,1
2025-04-03T21:46:24.797Z,0x7636cd9bfc28f9304930321fd2d8b8faf88daf155c5b8c07a7d784eac7cca4e7,0x6D69099515560c642CD98a483c195976323a5b6a,bbn1uax6wtg8ue068l2hqhesecfhufn74xcz83fxtn,USDC,0.000001,Sepolia,Babylon Testnet,SUCCESS,8044696,210339,1
2025-04-03T21:47:03.588Z,0xd81783d86c366e9e46d123f6e95613ecadfc39cf6190c4636df823d5dd464141,0x6D69099515560c642CD98a483c195976323a5b6a,bbn1uax6wtg8ue068l2hqhesecfhufn74xcz83fxtn,USDC,0.000001,Sepolia,Babylon Testnet,SUCCESS,8044699,210339,1
2025-04-03T21:47:40.736Z,0x5c542fb787fce9b6fd5f95ec6f37e5f2347fbd4b1831e9106c9d71c05f4ce804,0x6D69099515560c642CD98a483c195976323a5b6a,bbn1uax6wtg8ue068l2hqhesecfhufn74xcz83fxtn,USDC,0.000001,Sepolia,Babylon Testnet,SUCCESS,8044702,210339,1
2025-04-03T21:48:17.227Z,0x5719bec9481b3338a52aae2e17ecab7288da66bc02b8099eb1c461fdf1e03b73,0x6D69099515560c642CD98a483c195976323a5b6a,bbn1uax6wtg8ue068l2hqhesecfhufn74xcz83fxtn,USDC,0.000001,Sepolia,Babylon Testnet,SUCCESS,8044705,210339,1
2025-04-03T21:48:52.832Z,0xd403b2f3d70b397df6edeb295e09e532b0b17af06ef3e91daf70093445e7497f,0x6D69099515560c642CD98a483c195976323a5b6a,bbn1uax6wtg8ue068l2hqhesecfhufn74xcz83fxtn,USDC,0.000001,Sepolia,Babylon Testnet,SUCCESS,8044708,210339,1
2025-04-03T21:49:28.919Z,0x9a630b7bd4b4d61ac6c50c2414f04ad6bf476d6e3cfe37177aec151e81a02cab,0x6D69099515560c642CD98a483c195976323a5b6a,bbn1uax6wtg8ue068l2hqhesecfhufn74xcz83fxtn,USDC,0.000001,Sepolia,Babylon Testnet,SUCCESS,8044711,210339,1
2025-04-03T21:50:04.414Z,0x6781f6b4575770426095150bf96d6594826d7f224f50ed54dd6a2ed5e35d20ac,0x6D69099515560c642CD98a483c195976323a5b6a,bbn1uax6wtg8ue068l2hqhesecfhufn74xcz83fxtn,USDC,0.000001,Sepolia,Babylon Testnet,SUCCESS,8044714,210339,1
2025-04-03T21:50:40.124Z,0x9c37ddc33d85e5d63453757afb0f8540077bc4f770d07a2b2f571221c1981da1,0x6D69099515560c642CD98a483c195976323a5b6a,bbn1uax6wtg8ue068l2hqhesecfhufn74xcz83fxtn,USDC,0.000001,Sepolia,Babylon Testnet,SUCCESS,8044717,210339,1
2025-04-03T21:51:15.775Z,0xab0e362ea3729f72febef5c3af580bc8a8606e7b6e19e08b82856e72a9a4e50d,0x6D69099515560c642CD98a483c195976323a5b6a,bbn1uax6wtg8ue068l2hqhesecfhufn74xcz83fxtn,USDC,0.000001,Sepolia,Babylon Testnet,SUCCESS,8044720,210339,1
2025-04-03T21:51:53.528Z,0x4dd901d4a55669fa3e35cf70a3e22e8ef537cb999bba951c950004d3138a3605,0x6D69099515560c642CD98a483c195976323a5b6a,bbn1uax6wtg8ue068l2hqhesecfhufn74xcz83fxtn,USDC,0.000001,Sepolia,Babylon Testnet,SUCCESS,8044723,210339,1
2025-04-03T21:52:25.000Z,0xe39791b51e6f817a2794debc6f27dd06370f9b3f547879966c99a6bdeebec75a,0x6D69099515560c642CD98a483c195976323a5b6a,bbn1uax6wtg8ue068l2hqhesecfhufn74xcz83fxtn,USDC,0.000001,Sepolia,Babylon Testnet,SUCCESS,8044726,210339,1
2025-04-03T21:53:02.121Z,0xc5fbdb446a8307a341bf00e598b3a124b44cb6cc06cb297bd3a22e8166b03d66,0x6D69099515560c642CD98a483c195976323a5b6a,bbn1uax6wtg8ue068l2hqhesecfhufn74xcz83fxtn,USDC,0.000001,Sepolia,Babylon Testnet,SUCCESS,8044729,210339,1
2025-04-03T21:53:52.176Z,0xb9ecff181f618de5d5651f8d9327c2d1ad73704f32eb9bab6d969a7563c7e6bb,0x6D69099515560c642CD98a483c195976323a5b6a,bbn1uax6wtg8ue068l2hqhesecfhufn74xcz83fxtn,USDC,0.000001,Sepolia,Babylon Testnet,SUCCESS,8044732,210327,1
2025-04-03T21:54:30.304Z,0x2dabc73d0408d6fa66efd6646d34f92b0d1b7e902ce69ae7b88f8fed95512b1a,0x6D69099515560c642CD98a483c195976323a5b6a,bbn1uax6wtg8ue068l2hqhesecfhufn74xcz83fxtn,USDC,0.000001,Sepolia,Babylon Testnet,SUCCESS,8044735,210339,1
2025-04-03T21:55:15.477Z,0xa0d693af9bb9d0870db0ec4323b680d9af978b6b335c5a3d5c5678167e73f048,0x6D69099515560c642CD98a483c195976323a5b6a,bbn1uax6wtg8ue068l2hqhesecfhufn74xcz83fxtn,USDC,0.000001,Sepolia,Babylon Testnet,SUCCESS,8044738,210339,1
2025-04-03T21:55:51.512Z,0x8c5daab641b7d20d5c0093b85347bf81a4e6b1e6a66eb67025dd2269111a2052,0x6D69099515560c642CD98a483c195976323a5b6a,bbn1uax6wtg8ue068l2hqhesecfhufn74xcz83fxtn,USDC,0.000001,Sepolia,Babylon Testnet,SUCCESS,8044741,210339,1
2025-04-03T21:56:28.084Z,0x4d5a8cdbca20ba11155ce512ba21d790968690686ad8eb6fa3613632ad25304c,0x6D69099515560c642CD98a483c195976323a5b6a,bbn1uax6wtg8ue068l2hqhesecfhufn74xcz83fxtn,USDC,0.000001,Sepolia,Babylon Testnet,SUCCESS,8044744,210327,1
2025-04-03T21:57:04.161Z,0xc157eee83f10d0a530608fa180a6aae0df3b156a9f469b28a876bd76c63b9037,0x6D69099515560c642CD98a483c195976323a5b6a,bbn1uax6wtg8ue068l2hqhesecfhufn74xcz83fxtn,USDC,0.000001,Sepolia,Babylon Testnet,SUCCESS,8044747,210339,1
2025-04-03T21:58:04.689Z,0x72894f75c2d64644d66b554aee5de0cfcc7889fdcc9ca9fa21da8899764b461d,0x6D69099515560c642CD98a483c195976323a5b6a,bbn1uax6wtg8ue068l2hqhesecfhufn74xcz83fxtn,USDC,0.000001,Sepolia,Babylon Testnet,SUCCESS,8044751,210339,1
2025-04-03T21:58:37.865Z,0x6d8e3abce67d0b41cb94218ae04f22012e4f20c176b7e45983a4739e5b3eb101,0x6D69099515560c642CD98a483c195976323a5b6a,bbn1uax6wtg8ue068l2hqhesecfhufn74xcz83fxtn,USDC,0.000001,Sepolia,Babylon Testnet,SUCCESS,8044754,210339,1
2025-04-03T21:59:16.557Z,0x8e9995d4668f7f8cb9f72b59d5f18afb02b742ef8f68a9254646e498458e7717,0x6D69099515560c642CD98a483c195976323a5b6a,bbn1uax6wtg8ue068l2hqhesecfhufn74xcz83fxtn,USDC,0.000001,Sepolia,Babylon Testnet,SUCCESS,8044757,210339,1
2025-04-03T21:59:49.912Z,0x226011f923c13e69b8c65f254a5015ab3f06ca5fb7f3e3cf04feb4bfd693c705,0x6D69099515560c642CD98a483c195976323a5b6a,bbn1uax6wtg8ue068l2hqhesecfhufn74xcz83fxtn,USDC,0.000001,Sepolia,Babylon Testnet,SUCCESS,8044760,210339,1
2025-04-03T22:01:01.091Z,0x9f71b525983f93fc7d6cf7cedb88841d2a7e13ae74426b86ffb9cf07d75d8219,0x6D69099515560c642CD98a483c195976323a5b6a,bbn1uax6wtg8ue068l2hqhesecfhufn74xcz83fxtn,USDC,0.000001,Sepolia,Babylon Testnet,SUCCESS,8044764,210339,1
2025-04-03T22:01:41.099Z,0xb21bb91767ab6560ee2bf9da720009a48a2bb6fef1c29b4fe7773eb27e7c4e30,0x6D69099515560c642CD98a483c195976323a5b6a,bbn1uax6wtg8ue068l2hqhesecfhufn74xcz83fxtn,USDC,0.000001,Sepolia,Babylon Testnet,SUCCESS,8044768,210339,1
2025-04-03T22:02:15.596Z,0x3e5edd1f57e04571f068b13bae122a4183e39e94e50158d6fd32af3ccf28cc80,0x6D69099515560c642CD98a483c195976323a5b6a,bbn1uax6wtg8ue068l2hqhesecfhufn74xcz83fxtn,USDC,0.000001,Sepolia,Babylon Testnet,SUCCESS,8044771,210339,1
2025-04-03T22:02:42.888Z,0xf9ccb33a27fd946f40314cf6be7c4b564a37bf51881839b4a93ca59f1e1f4493,0x6D69099515560c642CD98a483c195976323a5b6a,bbn1uax6wtg8ue068l2hqhesecfhufn74xcz83fxtn,USDC,0.000001,Sepolia,Babylon Testnet,SUCCESS,8044773,210339,1
2025-04-03T22:03:18.918Z,0x53832af481c5ceed086e1cded362fe35a349f55feb62fadfbcee643d8f65e1f8,0x6D69099515560c642CD98a483c195976323a5b6a,bbn1uax6wtg8ue068l2hqhesecfhufn74xcz83fxtn,USDC,0.000001,Sepolia,Babylon Testnet,SUCCESS,8044776,210339,1
2025-04-03T22:04:04.384Z,0xd0d829c40e3db2fb0e6d4ead8bb21eb00216fc78f78e5e7b1c9f72ce3db29aef,0x6D69099515560c642CD98a483c195976323a5b6a,bbn1uax6wtg8ue068l2hqhesecfhufn74xcz83fxtn,USDC,0.000001,Sepolia,Babylon Testnet,SUCCESS,8044779,210339,1
2025-04-03T22:04:38.229Z,0xfb31e052511a4dbc9a2d2d9dc87c3abbe827d8eb41d04a1c0f65fce658ddbb45,0x6D69099515560c642CD98a483c195976323a5b6a,bbn1uax6wtg8ue068l2hqhesecfhufn74xcz83fxtn,USDC,0.000001,Sepolia,Babylon Testnet,SUCCESS,8044782,210339,1
2025-04-03T22:05:15.137Z,0xdc9e44402c5521ac1838afca7907f05059f8c36c3cad6ea35e959fe046bc286a,0x6D69099515560c642CD98a483c195976323a5b6a,bbn1uax6wtg8ue068l2hqhesecfhufn74xcz83fxtn,USDC,0.000001,Sepolia,Babylon Testnet,SUCCESS,8044785,210327,1
2025-04-03T22:06:06.561Z,0xc07fcff297406e8d4633905e943c62bc1ed57c280ecf460d0167925810aef50f,0x6D69099515560c642CD98a483c195976323a5b6a,bbn1uax6wtg8ue068l2hqhesecfhufn74xcz83fxtn,USDC,0.000001,Sepolia,Babylon Testnet,SUCCESS,8044788,210339,1
2025-04-03T22:06:52.370Z,0xad261840f94f0c1c1ed20b4aac25d180d9345ad53bdd6f709bf589e845855bed,0x6D69099515560c642CD98a483c195976323a5b6a,bbn1uax6wtg8ue068l2hqhesecfhufn74xcz83fxtn,USDC,0.000001,Sepolia,Babylon Testnet,SUCCESS,8044793,210339,1
2025-04-03T22:07:25.226Z,0xd5e874132c3bac9112627d535270943062e224cc26a39e3449cd31571891609a,0x6D69099515560c642CD98a483c195976323a5b6a,bbn1uax6wtg8ue068l2hqhesecfhufn74xcz83fxtn,USDC,0.000001,Sepolia,Babylon Testnet,SUCCESS,8044796,210339,1
2025-04-03T22:08:01.326Z,0x42dbe12ed58847881e071f25dd64bf49cb4d7c61f76dad150896b1035dfa020c,0x6D69099515560c642CD98a483c195976323a5b6a,bbn1uax6wtg8ue068l2hqhesecfhufn74xcz83fxtn,USDC,0.000001,Sepolia,Babylon Testnet,SUCCESS,8044799,210339,1
2025-04-03T22:08:39.084Z,0x6ae7396a416c3f952f9575db18ae9c90b57bb38cd5a0b769e9c01664a93e17fd,0x6D69099515560c642CD98a483c195976323a5b6a,bbn1uax6wtg8ue068l2hqhesecfhufn74xcz83fxtn,USDC,0.000001,Sepolia,Babylon Testnet,SUCCESS,8044802,210339,1
2025-04-03T22:09:14.773Z,0xf12a6516a3446cecb18e2f9f119c55db72f6c12ed4c49a63f561f91a0872880a,0x6D69099515560c642CD98a483c195976323a5b6a,bbn1uax6wtg8ue068l2hqhesecfhufn74xcz83fxtn,USDC,0.000001,Sepolia,Babylon Testnet,SUCCESS,8044805,210339,1
2025-04-03T22:09:48.808Z,0xe9b2b6578146eb685dc8ff95905147c84733bfe4c5c60b44befe94615863e0f1,0x6D69099515560c642CD98a483c195976323a5b6a,bbn1uax6wtg8ue068l2hqhesecfhufn74xcz83fxtn,USDC,0.000001,Sepolia,Babylon Testnet,SUCCESS,8044808,210339,1
2025-04-03T22:10:16.665Z,0x171468ce499d5c5c443131104e1de72aa76f3b286cef56edc8d0173127be4ce8,0x6D69099515560c642CD98a483c195976323a5b6a,bbn1uax6wtg8ue068l2hqhesecfhufn74xcz83fxtn,USDC,0.000001,Sepolia,Babylon Testnet,SUCCESS,8044810,210339,1
2025-04-03T22:11:04.921Z,0x0248789b77a02fbe8080947334a04151c51ab19a01137c80faf5d6c18e28c17b,0x6D69099515560c642CD98a483c195976323a5b6a,bbn1uax6wtg8ue068l2hqhesecfhufn74xcz83fxtn,USDC,0.000001,Sepolia,Babylon Testnet,SUCCESS,8044814,210327,1
2025-04-03T22:11:40.014Z,0x3a764ba5ddb5e36576dff5c073a1d86c7a1aebd1b4fb527cb8ca08bb05341c01,0x6D69099515560c642CD98a483c195976323a5b6a,bbn1uax6wtg8ue068l2hqhesecfhufn74xcz83fxtn,USDC,0.000001,Sepolia,Babylon Testnet,SUCCESS,8044817,210339,1
2025-04-03T22:12:27.439Z,0xceec9b1ee92a04f1470af5d8d21acb51b6835d5ce86055c96efe986dd2f281ff,0x6D69099515560c642CD98a483c195976323a5b6a,bbn1uax6wtg8ue068l2hqhesecfhufn74xcz83fxtn,USDC,0.000001,Sepolia,Babylon Testnet,SUCCESS,8044821,210327,1
2025-04-03T22:13:02.139Z,0xc1f7f72a8af6b07e679c05596c6a412fc2e3803baad0b36adde31f42137c0781,0x6D69099515560c642CD98a483c195976323a5b6a,bbn1uax6wtg8ue068l2hqhesecfhufn74xcz83fxtn,USDC,0.000001,Sepolia,Babylon Testnet,SUCCESS,8044824,210339,1
2025-04-03T22:13:40.335Z,0x81be190766918160793ac884b85a91de299d244b4c369934017a0a6760359972,0x6D69099515560c642CD98a483c195976323a5b6a,bbn1uax6wtg8ue068l2hqhesecfhufn74xcz83fxtn,USDC,0.000001,Sepolia,Babylon Testnet,SUCCESS,8044827,210339,1
2025-04-03T22:14:17.146Z,0x90632653e6c312cd9aea76d17d8f90fe9585282c252dcd494b9a2c723f191ecc,0x6D69099515560c642CD98a483c195976323a5b6a,bbn1uax6wtg8ue068l2hqhesecfhufn74xcz83fxtn,USDC,0.000001,Sepolia,Babylon Testnet,SUCCESS,8044830,210327,1
2025-04-03T22:14:52.959Z,0x0ecdf1b411cbcc48b6100d39d1eb663fdb52d14fe5cd8f2983154c4bbdd779d8,0x6D69099515560c642CD98a483c195976323a5b6a,bbn1uax6wtg8ue068l2hqhesecfhufn74xcz83fxtn,USDC,0.000001,Sepolia,Babylon Testnet,SUCCESS,8044833,210339,1
2025-04-03T22:15:27.344Z,0x2ade2b02dd22477a67deaa33efdc4e96d77596cc3f95d44cc2709800db0af391,0x6D69099515560c642CD98a483c195976323a5b6a,bbn1uax6wtg8ue068l2hqhesecfhufn74xcz83fxtn,USDC,0.000001,Sepolia,Babylon Testnet,SUCCESS,8044836,210339,1
2025-04-03T22:16:15.062Z,0xfa77d265a3cecec19302bfef69f240f26a585784d38964635ba99a48b4cd2c8e,0x6D69099515560c642CD98a483c195976323a5b6a,bbn1uax6wtg8ue068l2hqhesecfhufn74xcz83fxtn,USDC,0.000001,Sepolia,Babylon Testnet,SUCCESS,8044839,210339,1
